Catarman, Northern Samar
Virac, Catanduanes
Pili, Camarines Sur
Catbalogan City, Samar
Guiuan, Eastern Samar
Tacloban City, Leyte
Basco, Batanes
Borongan City, Eastern Samar
Maasin City, Southern Leyte
San Jose, Occidental Mindoro
El Salvador City, Misamis Oriental
Hinatuan, Surigao Del Sur
Abucay, Bataan
Romblon City, Romblon
Calapan City, Oriental Mindoro
Itbayat, Batanes
Mactan-Cebu International Airport, Lapu-Lapu City
Sangley Pt., Cavite City, Cavite
Iba, Zambales
Alabat, Quezon
Baler, Aurora
Tanay, Rizal
Baguio City
Calayan, Cagayan
Mt. Cabuyao, Tuba, Benguet
Port Area, Manila
Laoag City, Ilocos Norte
Aparri, Cagayan
Casiguran, Aurora
Tayabas City, Quezon
Ambulong, Tanauan City, Batangas
Masbate City, Masbate
Dagupan City, Pangasinan
Surigao City, Surigao del Norte
Dauis, Bohol
Malaybalay City, Bukidnon
Puerto Princesa City, Palawan
Legazpi City, Albay
PCA Bago-Oshiro, Davao City
Juban, Sorsogon
Daet, Camarines Norte
La Trinidad, Benguet
Baguio City, Benguet
Subic, Zambales
Sinait, Ilocos Sur
Coron, Palawan
Science Garden, Quezon City
Subic Bay International Airport, Subic Bay
Surigao City, Surigao Del Norte
Subic Bay International Airport, Morong, Bataan
Morong, Bataan
Romblon, Romblon
Roxas City, Capiz
Mulanay, Quezon
Tayabas, Quezon
Infanta, Quezon
Surigao City, Surigao del Sur
Cubi Pt., Subic
Muñoz City, Nueva Ecija
Ninoy Aquino International Airport, Parañaque City
Echague, Isabela
Tuguegarao City, Cagayan
Dumangas, Iloilo
La Carlota City, Negros Occidental
La Carlota City, Negros Oriental
Tagum City, Davao del Norte
Cubi Pt., Zambales
Batac, Ilocos Norte
Cubi Pt., Subic Bay
Bayombong, Nueva Vizcaya
Mt. Matulid, Norzagaray, Bulacan
Bacnotan, La Union
Angat Dam, Norzagaray, Bulacan
Laoag, Ilocos Norte
Cubi Point, Subic Bay
Baybay City, Leyte
Clark International Airport, Pampanga
Lapu-Lapu City
Cuyo, Palawan
Doña Remedios Trinidad, Bulacan (near Talaguio River)
Doña Remedios Trinidad, Bulacan (near Matulid River)
Panglao, Bohol
Mambusao, Capiz
Batac City, Ilocos Norte
Ninoy Aquino International Airport, Pasay City
Indang, Cavite
Los Baños, Laguna
Catarman (Synoptic), Northern Samar
Catarman (Agromet), Northern Samar
Malaybalay, Bukidnon
Clark International Airport, Mabalacat, Pampanga
Tarlac City, Tarlac
Subic Bay International Airport, Mabalacat, Pampanga
Camiling, Tarlac
Guinobatan, Albay
Sangley Pt. Cavite City, Cavite
Hinatuan, Surigao del Sur
Pag-asa Island, Kalayaan, Palawan
